event_name,category,start_date,end_date,time_wib,venue,status,source_url,notes
Persija vs Persijap Jepara,Sports,2026-01-03,2026-01-03,TBA,Stadion Utama GBK,Verified,https://disway.id/read/920907/8-event-jakarta-akhir-pekan-3-4-januari-2026-ada-pertandingan-persija-hingga-festival-kuliner,
Indonesia Masters 2026,Sports,2026-01-20,2026-01-25,TBA,Istora GBK,Verified,https://disway.id/read/924970/6-daftar-event-jakarta-di-gbk-23-25-januari-2026-ada-indonesia-master-2026-hingga-matchday-persija-vs-madura-united,
Persija vs Madura United,Sports,2026-01-23,2026-01-23,TBA,Stadion Utama GBK,Verified,https://disway.id/read/924970/6-daftar-event-jakarta-di-gbk-23-25-januari-2026-ada-indonesia-master-2026-hingga-matchday-persija-vs-madura-united,
Honor of Kings Invitational Season 4,Esports,2026-01-31,2026-02-08,15:00/18:00/21:00,Gedung Basket,Verified,https://www.metrotvnews.com/read/NLMC8onD-nova-esports-raih-gelar-juara-kis-season-4-di-jakarta,Multiple match sessions; event dates compiled from schedule/results
The 90's Intimate 2nd Edition,Concert,2026-02-07,2026-02-07,TBA,Istora GBK,Verified,https://disway.id/read/928077/9-daftar-event-jakarta-di-gbk-akhir-pekan-7-8-februari-2026-ada-konser-k-pop-hingga-final-afc-futsal-asian-cup-2026,
Dream Theater 40th Anniversary Tour,Concert,2026-02-07,2026-02-07,TBA,Madya Stadium,Verified,https://eventara.co.id/jadwal-konser/,
Taeyong NCT Concert,Concert,2026-02-07,2026-02-07,TBA,Tennis Indoor Stadium,Verified,https://disway.id/read/928077/9-daftar-event-jakarta-di-gbk-akhir-pekan-7-8-februari-2026-ada-konser-k-pop-hingga-final-afc-futsal-asian-cup-2026,
Persija vs Arema,Sports,2026-02-08,2026-02-08,19:00,Stadion Utama GBK,Verified,https://disway.id/read/928077/9-daftar-event-jakarta-di-gbk-akhir-pekan-7-8-februari-2026-ada-konser-k-pop-hingga-final-afc-futsal-asian-cup-2026,
FIFA Series: Bulgaria vs Solomon Islands,Sports,2026-03-27,2026-03-27,15:30,Stadion Utama GBK,Verified,https://www.antaranews.com/berita/5411862/pssi-konfirmasi-fifa-series-2026-digelar-di-stadion-gbk,
FIFA Series: Indonesia vs Saint Kitts and Nevis,Sports,2026-03-27,2026-03-27,20:00,Stadion Utama GBK,Verified,https://www.antaranews.com/berita/5411862/pssi-konfirmasi-fifa-series-2026-digelar-di-stadion-gbk,
Hearts2Hearts Fanmeeting: Hearts 2 House,Fan Meeting,2026-03-28,2026-03-28,15:00,Tennis Indoor Stadium,Verified,https://weverse.io/hearts2hearts/notice/32887,
FIFA Series: Final,Sports,2026-03-30,2026-03-30,20:00,Stadion Utama GBK,Verified,https://www.antaranews.com/berita/5411862/pssi-konfirmasi-fifa-series-2026-digelar-di-stadion-gbk,
FIFA Series: Third-place Match,Sports,2026-03-30,2026-03-30,15:30,Stadion Utama GBK,Verified,https://www.antaranews.com/berita/5411862/pssi-konfirmasi-fifa-series-2026-digelar-di-stadion-gbk,
Asian Kung-Fu Generation 30th Anniversary Special Concert,Concert,2026-04-18,2026-04-18,18:30,Gedung Basket,Verified,https://www.loket.com/event/asian-kung-fu-generation-30th-anniversary-special-concert-live-in-jakarta-_k9Db9,
Clash of Legends: Barcelona Legends vs DRX World Legends,Sports,2026-04-18,2026-04-18,TBA,Stadion Utama GBK,Verified,https://www.antaranews.com/foto/5532815/serunya-para-legenda-sepak-bola-dunia-berlaga-dalam-clash-of-legends-di-gbk,
FDC Fest 2026 & 5K Sunset Run,Festival,2026-05-09,2026-05-09,TBA,Madya Stadium,Verified,https://disway.id/read/945653/4-daftar-event-jakarta-di-gbk-akhir-pekan-9-10-mei-2026-ada-festival-musik-line-up-tulus-hingga-dewa-19,Reported as Stadion Madya B
Reality Club 10th Anniversary Concert,Concert,2026-06-06,2026-06-06,15:00 & 19:35,Gedung Basket,Verified,https://www.setlist.fm/setlist/reality-club/2026/gbk-basketball-hall-kota-administrasi-jakarta-pusat-indonesia-434963eb.html,
KARD 2026 World Tour: Drift,Concert,2026-06-27,2026-06-27,19:30,Gedung Basket,Verified,https://www.kard.kr/notice/69a0f7ee85ddcb15795c7f75,
BIGU Festival 2026,Festival,2026-07-04,2026-07-05,09:00–22:00,Madya Stadium,Verified,https://eventfest.id/event-location/stadion-madya-gbk-jakarta/,
NCT JNJM Fanmeeting Tour: Duality,Fan Meeting,2026-07-04,2026-07-05,TBA,Tennis Indoor Stadium,Verified,https://www.idntimes.com/hype/entertainment/kalender-konser-2026-lengkap-september-ini-ada-the-weeknd-q9t04-q9t01-00-6sxgf-frzzs,
The Neighbourhood: Wourld Tour,Concert,2026-07-18,2026-07-18,TBA,Istora GBK,Verified,https://www.tripzilla.id/jadwal-konser-musik-2026/27033,
Mitski: Nothing's About to Happen to Me,Concert,2026-07-18,2026-07-18,20:05,Tennis Indoor Stadium,Verified,https://www.setlist.fm/venue/tennis-indoor-stadium-gbk-kota-administrasi-jakarta-pusat-indonesia-13def909.html,
Bernadya Album Showcase: Semoga Hanya di Mimpi,Concert,2026-07-25,2026-07-25,20:00,Tennis Indoor Stadium,Verified,https://gbk.id/event/view/157-bernadya-album-showcase-semoga-hanya-di-mimpi,
Social Chic Jakarta 2026,Festival,2026-07-31,2026-08-02,10:00–22:00,Madya Stadium,Verified,https://eventfest.id/events/social-chic-2026/,
Shuttle Open 2026,Sports,2026-08-01,2026-08-01,TBA,Gedung Basket,Verified,https://gbk.id/event/view/160-badminton-shuttle-open-2026-di-hall-basket-gbk,
Indonesia All Stars vs Aston Villa,Sports,2026-08-01,2026-08-01,19:00,Stadion Utama GBK,Verified,https://www.avfc.co.uk/news/2026/june/22/news-villa-announce-asia-pre-season-fixtures/,
Bangor Fest Vol. 4,Festival,2026-08-08,2026-08-09,All day,Madya Stadium,Verified,https://eventfest.id/events/bangor-fest-vol-4/,
Persija vs Persib,Sports,2026-09-12,2026-09-12,TBA,Stadion Utama GBK,Verified,https://disway.id/read/967913/5-daftar-event-jakarta-di-gbk-akhir-pekan-12-13-september-2026-ada-duel-persija-vs-persib-di-stadion-utama,
U-KNOW Project 26: Scene #1,Concert,2026-09-12,2026-09-12,15:00,Tennis Indoor Stadium,Verified,https://www.kompas.com/hype/read/2026/07/15/133755766/harga-tiket-dan-seat-plan-konser-u-know-project-26-scene1-di-jakarta,
FIFA ASEAN Cup 2026,Sports,2026-09-25,2026-09-25,TBA,Stadion Utama GBK,Verified,https://megapolitan.kompas.com/read/2026/09/24/20372591/gbk-diprediksi-padat-akhir-pekan-ini-ada-sejumlah-acara-besar-ring-road-ditutup,Bangladesh vs Malaysia; Indonesia vs Singapore
SNADA Indonesia 2026,Concert,2026-10-10,2026-10-10,TBA,Istora GBK,Verified,https://disway.id/read/971797/19-daftar-event-jakarta-oktober-2026-banjir-pameran-konser-western-hingga-kpop,
Champions Impact in Jakarta: The Rivalry Returns,Sports,2026-10-10,2026-10-10,TBA,Stadion Utama GBK,Verified,https://disway.id/read/971797/19-daftar-event-jakarta-oktober-2026-banjir-pameran-konser-western-hingga-kpop,
Gong Yoo Fan Meeting: The Long Take,Fan Meeting,2026-10-17,2026-10-17,TBA,Istora GBK,Verified,https://disway.id/read/971797/19-daftar-event-jakarta-oktober-2026-banjir-pameran-konser-western-hingga-kpop,
YE Live in Jakarta,Concert,2026-10-24,2026-10-24,TBA,Stadion Utama GBK,Verified,https://disway.id/read/959174/harga-dan-cara-beli-tiket-konser-kanye-west-di-jakarta-2026-paling-murah-rp18-juta,
Kim Bum Fanmeeting: Page,Fan Meeting,2026-10-24,2026-10-24,18:30,Tennis Indoor Stadium,Verified,https://www.liputan6.com/showbiz/read/8299470/fanmeeting-kim-bum-jakarta-ini-harga-tiket-dan-cara-belinya,
Men I Trust Asia Tour,Concert,2026-11-12,2026-11-12,TBA,Tennis Indoor Stadium,Announced,https://www.beritasatu.com/lifestyle/3029044/12-konser-musik-di-gbk-oktober-desember-2026-ada-ye-hingga-bts,
Doh Kyung Soo: Day Off,Concert,2026-11-21,2026-11-22,TBA,Istora GBK,Announced,https://www.beritasatu.com/lifestyle/3029044/12-konser-musik-di-gbk-oktober-desember-2026-ada-ye-hingga-bts,
Guns N’ Roses World Tour 2026,Concert,2026-11-21,2026-11-21,TBA,Madya Stadium,Announced,https://www.beritasatu.com/lifestyle/3029044/12-konser-musik-di-gbk-oktober-desember-2026-ada-ye-hingga-bts,
Simple Plan: The Bigger Than You Think! Tour,Concert,2026-11-27,2026-11-27,TBA,Tennis Indoor Stadium,Announced,https://www.beritasatu.com/lifestyle/3029044/12-konser-musik-di-gbk-oktober-desember-2026-ada-ye-hingga-bts,
BTS World Tour Arirang,Concert,2026-12-26,2026-12-29,TBA,Stadion Utama GBK,Announced,https://www.beritasatu.com/lifestyle/3029044/12-konser-musik-di-gbk-oktober-desember-2026-ada-ye-hingga-bts,"Show dates reported: 26, 27 and 29 Dec"
